ticker,title,publisher,published,summary,link
AAPL,Apple expands its services ecosystem amid stable iPhone demand,Reuters,2026-04-15 10:00,Apple continues strengthening its services business while investors monitor device sales and recurring revenue performance,https://example.com/apple-services-1
AAPL,Analysts review Apple earnings outlook and product cycle,CNBC,2026-04-14 14:30,Market attention remains focused on Apple's quarterly earnings growth product innovation and consumer demand trends,https://example.com/apple-earnings-2

MSFT,Microsoft increases investment in AI infrastructure and cloud capacity,Bloomberg,2026-04-15 11:15,Microsoft is expanding artificial intelligence infrastructure to support enterprise demand and long-term cloud growth,https://example.com/msft-ai-1
MSFT,Cloud revenue helps support Microsoft's financial outlook,Reuters,2026-04-14 16:00,Strong Azure-related demand continues to play an important role in Microsoft's growth expectations,https://example.com/msft-cloud-2

NVDA,NVIDIA benefits from continued strong demand for AI chips,Reuters,2026-04-15 13:40,NVIDIA remains one of the major beneficiaries of global AI investment as demand for advanced chips stays elevated,https://example.com/nvda-ai-1
NVDA,Analysts raise growth expectations for NVIDIA,Bloomberg,2026-04-13 08:50,Wall Street analysts continue to highlight NVIDIA's strong revenue momentum and strategic position in the AI market,https://example.com/nvda-growth-2

GOOGL,Alphabet strengthens AI product strategy across search and cloud,CNBC,2026-04-15 09:30,Alphabet is expanding AI features across its major business lines while investors assess monetization potential,https://example.com/googl-ai-1
GOOGL,Advertising resilience supports Alphabet revenue outlook,Reuters,2026-04-14 12:40,Digital advertising demand remains an important driver of Alphabet's business performance and profit margins,https://example.com/googl-ads-2

META,Meta continues investing in AI tools and advertising technology,Reuters,2026-04-15 10:35,Meta is strengthening platform monetization and AI-powered recommendation systems to improve engagement and revenue,https://example.com/meta-ai-1
META,Investors assess Meta's balance between cost control and growth,Bloomberg,2026-04-14 15:20,Meta's financial outlook is being shaped by advertising recovery technology spending and long-term strategic investment,https://example.com/meta-growth-2

DIS,Disney streaming strategy remains in focus for investors,CNBC,2026-04-15 17:00,Disney's financial performance continues to depend on the balance between streaming profitability media content and parks revenue,https://example.com/dis-streaming-1
DIS,Theme parks and entertainment segments support Disney outlook,Reuters,2026-04-14 11:10,Investors are watching whether Disney can maintain growth across both consumer entertainment and streaming operations,https://example.com/dis-parks-2

NFLX,Netflix subscriber trends remain a key market focus,Bloomberg,2026-04-15 13:00,Netflix continues to attract investor attention as markets assess subscriber growth content spending and pricing strategy,https://example.com/nflx-subscribers-1
NFLX,Netflix expands content pipeline to support long-term growth,Reuters,2026-04-13 10:25,The company is investing in diversified content and international growth to support future revenue performance,https://example.com/nflx-content-2

VZ,Verizon works to stabilize growth in a competitive telecom market,CNBC,2026-04-15 09:10,Verizon remains focused on subscriber retention cash flow and network investment in a challenging market environment,https://example.com/vz-telecom-1
VZ,Investors monitor Verizon dividend strength and debt profile,Reuters,2026-04-14 12:05,Market participants continue assessing Verizon's balance between shareholder returns infrastructure spending and leverage,https://example.com/vz-dividend-2

AMZN,Amazon cloud and retail segments support business momentum,Bloomberg,2026-04-15 15:20,Amazon benefits from both e-commerce activity and AWS performance as investors evaluate profitability and expansion plans,https://example.com/amzn-growth-1
AMZN,Amazon logistics efficiency helps improve margins,Reuters,2026-04-14 10:45,Operational improvements across logistics and fulfillment are supporting Amazon's broader financial outlook,https://example.com/amzn-logistics-2

TSLA,Tesla delivery performance draws strong investor attention,CNBC,2026-04-15 09:45,Investors are closely watching Tesla's delivery numbers vehicle pricing and profitability trends in the electric vehicle market,https://example.com/tsla-delivery-1
TSLA,Tesla faces mixed outlook amid rising EV competition,Reuters,2026-04-14 12:10,Tesla remains a major EV company but competition and pricing pressure continue to influence market expectations,https://example.com/tsla-ev-2

MCD,McDonald's shows resilience through global brand strength,Bloomberg,2026-04-15 08:40,McDonald's continues to benefit from scale menu strategy and operational consistency in international markets,https://example.com/mcd-brand-1
MCD,Investors assess McDonald's cost management and same-store sales,Reuters,2026-04-14 09:50,The restaurant giant remains in focus as analysts review traffic trends pricing strategy and consumer spending,https://example.com/mcd-sales-2

KO,Coca-Cola maintains stable outlook through brand and pricing power,CNBC,2026-04-15 11:05,Coca-Cola continues to demonstrate business resilience as investors track volume trends margins and international demand,https://example.com/ko-brand-1
KO,Coca-Cola benefits from defensive consumer demand,Reuters,2026-04-14 14:20,The company's broad beverage portfolio and steady cash generation remain attractive during uncertain market conditions,https://example.com/ko-demand-2

PEP,PepsiCo balances snack and beverage growth across global markets,Bloomberg,2026-04-15 10:20,PepsiCo's diversified business structure supports its revenue performance and long-term defensive appeal,https://example.com/pep-growth-1
PEP,Analysts review PepsiCo margins and pricing strategy,Reuters,2026-04-14 13:15,Investors remain focused on how input costs and consumer demand may affect PepsiCo's operating performance,https://example.com/pep-margin-2

JPM,JPMorgan reports resilient financial performance,CNBC,2026-04-15 07:50,JPMorgan remains closely watched for profitability credit quality and signals about broader financial market conditions,https://example.com/jpm-results-1
JPM,JPMorgan benefits from diversified banking operations,Reuters,2026-04-14 15:05,The bank's scale across consumer banking investment banking and wealth management supports its earnings outlook,https://example.com/jpm-banking-2

BAC,Bank of America navigates interest rate and lending pressures,Bloomberg,2026-04-15 09:35,Bank of America is balancing net interest income trends loan growth and credit market conditions,https://example.com/bac-rates-1
BAC,Investors review Bank of America deposit stability and margins,Reuters,2026-04-14 11:55,The bank remains under review as markets assess funding costs lending activity and profitability,https://example.com/bac-margin-2

GS,Goldman Sachs focuses on efficiency and deal activity recovery,CNBC,2026-04-15 12:25,Goldman Sachs continues adjusting its business mix as investors track advisory activity trading revenue and profitability,https://example.com/gs-deals-1
GS,Market recovery could support Goldman Sachs investment banking outlook,Reuters,2026-04-14 16:10,Analysts are watching whether improved capital markets activity can strengthen the firm's earnings momentum,https://example.com/gs-banking-2

C,Citigroup continues restructuring efforts to improve efficiency,Bloomberg,2026-04-15 10:55,Citigroup remains focused on operational simplification cost discipline and long-term shareholder value,https://example.com/c-restructure-1
C,Investors monitor Citigroup capital position and profitability,Reuters,2026-04-14 13:45,Citigroup's progress on restructuring and returns remains central to market expectations,https://example.com/c-profit-2

WFC,Wells Fargo works to strengthen profitability and compliance performance,CNBC,2026-04-15 08:30,Wells Fargo remains under investor review as it manages costs loan demand and regulatory progress,https://example.com/wfc-profit-1
WFC,Loan growth and expenses shape Wells Fargo outlook,Reuters,2026-04-14 10:35,Analysts continue assessing Wells Fargo's core banking fundamentals and operational efficiency,https://example.com/wfc-loans-2

JNJ,Johnson and Johnson maintains focus on healthcare growth,Reuters,2026-04-14 10:25,Johnson and Johnson continues balancing pharmaceutical innovation medical technology development and stable operations,https://example.com/jnj-health-1
JNJ,Investors review J&J defensive strength and product pipeline,CNBC,2026-04-15 11:40,The healthcare company remains attractive for investors seeking stability dividends and diversified healthcare exposure,https://example.com/jnj-pipeline-2

PFE,Pfizer works to rebuild growth beyond pandemic-related demand,Bloomberg,2026-04-15 12:05,Pfizer is focusing on its broader drug portfolio cost control and pipeline development to support future performance,https://example.com/pfe-growth-1
PFE,Analysts assess Pfizer revenue transition and research pipeline,Reuters,2026-04-14 09:15,The company is under review as investors evaluate long-term growth drivers across therapeutics and innovation,https://example.com/pfe-pipeline-2

MRK,Merck benefits from strong pharmaceutical demand in key products,CNBC,2026-04-15 10:10,Merck continues to attract investor attention through product strength research progress and earnings stability,https://example.com/mrk-demand-1
MRK,Merck pipeline outlook supports longer-term market confidence,Reuters,2026-04-14 14:05,Analysts highlight Merck's product portfolio and innovation strategy as major strengths for future growth,https://example.com/mrk-pipeline-2

ABBV,AbbVie relies on product diversification to support earnings,Bloomberg,2026-04-15 13:25,AbbVie remains focused on offsetting mature product pressure through new therapies and operational execution,https://example.com/abbv-diversification-1
ABBV,Investors monitor AbbVie cash flow and pharmaceutical pipeline,Reuters,2026-04-14 16:20,The company's long-term outlook depends on innovation discipline and continued financial resilience,https://example.com/abbv-cashflow-2

UNH,UnitedHealth continues to benefit from scale in healthcare services,CNBC,2026-04-15 09:55,UnitedHealth's integrated healthcare model supports revenue growth and operational stability across insurance and services,https://example.com/unh-scale-1
UNH,Medical cost trends remain important for UnitedHealth outlook,Reuters,2026-04-14 12:50,Investors continue to monitor healthcare utilization expenses and long-term earnings quality,https://example.com/unh-cost-2

XOM,Exxon Mobil responds to changing energy market conditions,Bloomberg,2026-04-13 11:45,Energy investors continue monitoring oil prices cash flow generation and the strategic positioning of major producers,https://example.com/xom-energy-1
XOM,Exxon earnings outlook linked to commodity price trends,Reuters,2026-04-14 10:30,The company's performance remains sensitive to global oil and gas market conditions as well as capital discipline,https://example.com/xom-commodity-2

CVX,Chevron focuses on disciplined capital spending and shareholder returns,CNBC,2026-04-15 08:45,Chevron continues balancing energy market uncertainty with cash generation dividend policy and investment planning,https://example.com/cvx-capital-1
CVX,Analysts monitor Chevron production outlook and cost discipline,Reuters,2026-04-14 13:35,The oil major remains under market review as investors assess energy demand and operational performance,https://example.com/cvx-production-2

COP,ConocoPhillips remains sensitive to oil price movements,Bloomberg,2026-04-15 11:50,ConocoPhillips is closely tied to commodity trends while investors also track production growth and capital efficiency,https://example.com/cop-oil-1
COP,ConocoPhillips financial outlook supported by portfolio discipline,Reuters,2026-04-14 09:40,The company continues to emphasize cost control returns and strategic asset management in volatile energy markets,https://example.com/cop-discipline-2

CAT,Caterpillar benefits from infrastructure and industrial demand,CNBC,2026-04-15 10:50,Caterpillar remains tied to construction mining and industrial spending trends across global markets,https://example.com/cat-infra-1
CAT,Investors track Caterpillar margins and equipment demand,Reuters,2026-04-14 15:15,The machinery maker's performance reflects broader economic activity and business investment conditions,https://example.com/cat-demand-2

BA,Boeing remains in focus as investors assess production recovery,Bloomberg,2026-04-15 12:35,Boeing's outlook is shaped by aircraft production execution regulatory developments and commercial aviation demand,https://example.com/ba-recovery-1
BA,Delivery performance and cash flow remain key for Boeing,Reuters,2026-04-14 11:25,Market participants continue monitoring Boeing's operational progress and long-term balance sheet improvement,https://example.com/ba-delivery-2

GE,GE Aerospace draws investor attention after business restructuring,CNBC,2026-04-15 09:20,GE Aerospace is being evaluated on its focused business model profitability and exposure to global aviation demand,https://example.com/ge-aero-1
GE,Analysts review GE Aerospace order momentum and margins,Reuters,2026-04-14 14:55,The company is expected to benefit from continued aerospace recovery and operational simplification,https://example.com/ge-orders-2

HON,Honeywell maintains a diversified industrial technology outlook,Bloomberg,2026-04-15 10:05,Honeywell's portfolio across automation aerospace and industrial systems supports relatively balanced long-term performance,https://example.com/hon-tech-1
HON,Investors monitor Honeywell growth across key business segments,Reuters,2026-04-14 12:15,Honeywell remains in focus as analysts assess demand quality cost control and capital allocation discipline,https://example.com/hon-growth-2