title,publisher,published,summary,link,related
Global equities rise as investors assess inflation trends,Reuters,2026-04-15 08:30,Global stock markets moved higher as investors reviewed inflation expectations and possible central bank policy adjustments,https://example.com/market-1,"SPY,QQQ,DIA"
Technology shares lead gains in broader market rally,CNBC,2026-04-15 10:15,Technology stocks outperformed in a broader market advance as investors showed renewed confidence in growth sectors,https://example.com/market-2,"AAPL,MSFT,NVDA,QQQ"
Wall Street watches interest rate signals from policymakers,Bloomberg,2026-04-15 11:45,Market participants remained focused on policy commentary for clues about the future direction of interest rates,https://example.com/market-3,"^GSPC,^IXIC,^DJI"
US markets mixed as investors review corporate earnings,Reuters,2026-04-14 16:20,Stocks closed mixed as investors balanced earnings reports with concerns about economic growth and valuations,https://example.com/market-4,"AAPL,AMZN,JPM,SPY"
Energy stocks react to changing oil price expectations,CNBC,2026-04-14 13:10,Energy shares remained active as crude oil price fluctuations affected sentiment across the commodity and equity markets,https://example.com/market-5,"XOM,CVX,COP"
Financial stocks draw attention amid shifting bond yields,Bloomberg,2026-04-14 09:40,Banks and other financial firms were closely watched as Treasury yields influenced lending margin expectations and valuation trends,https://example.com/market-6,"JPM,BAC,GS,C,WFC"
Investors rotate between growth and defensive sectors,Reuters,2026-04-13 15:00,Portfolio rotation remained a major theme as markets balanced risk appetite with demand for defensive and dividend-paying stocks,https://example.com/market-7,"KO,PEP,JNJ,UNH"
Nasdaq gains as AI-linked companies continue to attract interest,CNBC,2026-04-13 12:25,The Nasdaq advanced with support from artificial intelligence related stocks that continued to draw strong market attention,https://example.com/market-8,"NVDA,MSFT,META,GOOGL"
Dow Jones holds steady as industrial shares support sentiment,Bloomberg,2026-04-13 10:05,Industrial and large-cap value stocks helped support the Dow as investors looked for stability across sectors,https://example.com/market-9,"CAT,HON,BA,DIA"
Markets assess consumer spending outlook and retail demand,Reuters,2026-04-12 14:50,Consumer-related equities were in focus as investors examined retail activity household demand and pricing power across major brands,https://example.com/market-10,"AMZN,MCD,KO,PEP,DIS"
Healthcare shares remain resilient in uncertain market conditions,CNBC,2026-04-12 11:20,Healthcare stocks continued to attract attention as relatively defensive holdings during periods of broader market uncertainty,https://example.com/market-11,"JNJ,PFE,MRK,ABBV,UNH"
S&P 500 edges higher as volatility remains contained,Bloomberg,2026-04-12 09:10,The S&P 500 moved modestly higher while market volatility stayed relatively stable amid cautious investor positioning,https://example.com/market-12,"^GSPC,SPY,VIX"
Large-cap technology companies continue to shape market direction,Reuters,2026-04-11 15:30,Mega-cap technology firms remained central to broader market performance because of their weight in major indices,https://example.com/market-13,"AAPL,MSFT,GOOGL,AMZN,META"
Investors monitor recession risk and economic growth signals,CNBC,2026-04-11 13:45,The market remained sensitive to incoming economic data as investors weighed the balance between slowdown risks and earnings resilience,https://example.com/market-14,"^GSPC,^IXIC,^DJI"
Market sentiment improves as bond yields stabilize,Bloomberg,2026-04-11 10:30,Improved confidence across equities followed a period of stabilization in bond markets and a calmer interest-rate outlook,https://example.com/market-15,"SPY,QQQ,DIA,TLT"